{"chrome://browser/content/browser.xul":{"navigator-toolbox":{"iconsize":"small"},"main-window":{"width":"394","height":"816","screenX":"168","screenY":"0","sizemode":"normal"},"titlebar-placeholder-on-menubar-for-caption-buttons":{"width":"136.5"},"titlebar-placeholder-on-TabsToolbar-for-captions-buttons":{"width":"136.5"},"PersonalToolbar":{"collapsed":"false","currentset":"personal-bookmarks"},"toolbar-menubar":{"autohide":"false","currentset":"menubar-items"},"nav-bar":{"currentset":"ctraddon_appbutton,ctraddon_back-forward-button,urlbar-container,add-ons-button,greasemonkey-tbb,action-button--jsrun-jsrun-link,search-container,loop-button,ctraddon_puib_separator,ctraddon_panelui-button,ctraddon_window-controls"},"ctraddon_addon-bar":{"collapsed":"true","currentset":"ctraddon_addonbar-close,customizableui-special-spring1,ctraddon_statusbar"},"TabsToolbar":{"currentset":"tabbrowser-tabs,new-tab-button,alltabs-button,tabs-closebutton,ctraddon_tabs-closebutton"},"ctraddon_extra-bar":{"currentset":"customizableui-special-spring2","collapsed":"true"},"addon-bar":{"currentset":"addonbar-closebutton,status-bar"},"sidebar-box":{"sidebarcommand":"","width":"","src":""},"sidebar-title":{"value":""}},"chrome://pippki/content/exceptionDialog.xul":{"exceptiondialog":{"screenX":"462","screenY":"130","width":"516","height":"519"}},"chrome://browser/content/places/places.xul":{"placesContentTags":{"ordinal":"3"},"placesContentUrl":{"ordinal":"5"},"placesContentDate":{"ordinal":"7"},"placesContentVisitCount":{"ordinal":"9"},"placesContentKeyword":{"ordinal":"11"},"placesContentDescription":{"ordinal":"13"},"placesContentDateAdded":{"ordinal":"15"},"placesContentLastModified":{"ordinal":"17"}},"about:config":{"prefCol":{"ordinal":"1","sortDirection":"ascending"},"lockCol":{"ordinal":"3"},"typeCol":{"ordinal":"5"},"valueCol":{"ordinal":"7"}},"chrome://browser/content/devtools/scratchpad.xul":{"main-window":{"screenX":"4","screenY":"4","width":"640","height":"480","sizemode":"normal"}},"chrome://mozapps/content/downloads/unknownContentType.xul":{"unknownContentType":{"screenX":"744","screenY":"343"}},"about:CONFIG":{"prefCol":{"ordinal":"1","sortDirection":"ascending"},"lockCol":{"ordinal":"3"},"typeCol":{"ordinal":"5"},"valueCol":{"ordinal":"7"}},"chrome://browser/content/places/bookmarkProperties.xul":{"bookmarkproperties":{"screenX":"186","screenY":"232","width":"1080"}},"chrome://greasemonkey/content/scriptprefs.xul#%2FDistrict_%26_Bubble":{"greasemonkey-script-preferences":{"width":"555","height":"490"}},"chrome://greasemonkey/content/scriptprefs.xul#https%3A%2F%2Fssotp.online%2F%2FSS%20AUTO%20OTP%201.0":{"greasemonkey-script-preferences":{"width":"558","height":"514"}},"chrome://greasemonkey/content/scriptprefs.xul#https%3A%2F%2Ftracker.space.com%2F%2FW%20-%20Register":{"greasemonkey-script-preferences":{"width":"555","height":"490"}},"chrome://greasemonkey/content/scriptprefs.xul#http%3A%2F%2Ftampermonkey.net%2F%2FDISTRICT%20%26%20DOT":{"greasemonkey-script-preferences":{"width":"558","height":"514"}},"chrome://greasemonkey/content/scriptprefs.xul#https%3A%2F%2Fssotp.online%2F%2FSS%20AUTO%20OTP%204.0%20(UPDATED%2017-03-2024)":{"greasemonkey-script-preferences":{"width":"558","height":"514"}},"chrome://greasemonkey/content/scriptprefs.xul#https%3A%2F%2Farotp.com%2F%2FS%20-%20AR%20OTP":{"greasemonkey-script-preferences":{"width":"558","height":"514"}},"chrome://greasemonkey/content/scriptprefs.xul#http%3A%2F%2Ftampermonkey.net%2F%2FT%20-%20Show%20OTP":{"greasemonkey-script-preferences":{"width":"558","height":"514"}},"chrome://greasemonkey/content/scriptprefs.xul#https%3A%2F%2Fotpapp.in%2F%2F____user_password_":{"greasemonkey-script-preferences":{"width":"558","height":"514"}},"chrome://greasemonkey/content/scriptprefs.xul#http%3A%2F%2Ftampermonkey.net%2F%2FAR%20Captcha":{"greasemonkey-script-preferences":{"width":"558","height":"514"}},"chrome://greasemonkey/content/scriptprefs.xul#http%3A%2F%2Ftampermonkey.net%2F%2FW%20-%20payment%20Error":{"greasemonkey-script-preferences":{"width":"558","height":"514"}},"chrome://greasemonkey/content/scriptprefs.xul#Violentmonkey%20Scripts%2FW%20-%20R%20TIMER":{"greasemonkey-script-preferences":{"width":"555","height":"490"}},"chrome://greasemonkey/content/scriptprefs.xul#http%3A%2F%2Ftampermonkey.net%2F%2F____user_password_":{"greasemonkey-script-preferences":{"width":"555","height":"490"}}}