{"rules":[{"url":"https://onlinebooking.sand.telangana.gov.in/M*","code":"var resp = document.body.innerHTML;\nif(resp.indexOf(\"Not Found\")!= -1) \nwindow.location =\n\"https://onlinebooking.sand.telangana.gov.in/Masters/Home.aspx\";\n\nelse if(resp.indexOf(\"Server not found\")!= -1) \nwindow.location =\n\"https://onlinebooking.sand.telangana.gov.in/Masters/Home.aspx\";\n\nelse if(resp.indexOf(\"Unable to connect\")!= -1)\nwindow.location =\n\"https://onlinebooking.sand.telangana.gov.in/Masters/Home.aspx\";  //unable to connect\n\nelse if(resp.indexOf(\"Secure Connection Failed\")!= -1)\nwindow.location =\n\"https://onlinebooking.sand.telangana.gov.in/Masters/Home.aspx\";  //Secure Connection Failed\n\nelse if(resp.indexOf(\"The connection has timed out\")!= -1)\nwindow.location =\n\"https://onlinebooking.sand.telangana.gov.in/Masters/Home.aspx\";  //The connection has timed out","enabled":true,"files":[]},{"url":"https://onlinebooking.sand.telangana.gov.in/*","code":"document.getElementById(\"txtEnterCode\").focus();","enabled":true,"files":[]}],"iconStyle":"blue","activeScriptsCount":true}